title,runtime,genre(s),director(s),writer(s),actor(s),rating(s),number of rating(s)
The Shawshank Redemption,142,Crime;Drama,Frank Darabont,Stephen King;Frank Darabont,Tim Robbins;Morgan Freeman;Bob Gunton, 9.3 ,"1,551,687"
The Godfather,175,Crime;Drama,Francis Ford Coppola,Mario Puzo;Francis Ford Coppola,Marlon Brando;Al Pacino;James Caan, 9.2 ,"1,062,360"
The Godfather: Part II,202,Crime;Drama,Francis Ford Coppola,Francis Ford Coppola;Mario Puzo,Al Pacino;Robert De Niro;Robert Duvall, 9.0 ,"719,461"
The Dark Knight,152,Action;Crime,Christopher Nolan,Jonathan Nolan;Christopher Nolan,Christian Bale;Heath Ledger;Aaron Eckhart, 9.0 ,"1,527,177"
12 Angry Men,96,Crime;Drama,Sidney Lumet,Reginald Rose,Henry Fonda;Lee J. Cobb;Martin Balsam, 8.9 ,"402,491"
Schindler's List,195,Biography;Drama,Steven Spielberg,Thomas Keneally;Steven Zaillian,Liam Neeson;Ralph Fiennes;Ben Kingsley, 8.9 ,"790,115"
Pulp Fiction,154,Crime;Drama,Quentin Tarantino,Quentin Tarantino;Roger Avary,John Travolta;Uma Thurman;Samuel L. Jackson, 8.9 ,"1,209,582"
"Il buono, il brutto, il cattivo",161,Western,Sergio Leone,Luciano Vincenzoni;Sergio Leone,Clint Eastwood;Eli Wallach;Lee Van Cleef, 8.9 ,"463,482"
The Lord of the Rings: The Return of the King,201,Adventure;Fantasy,Peter Jackson,J.R.R. Tolkien;Fran Walsh,Elijah Wood;Viggo Mortensen;Ian McKellen, 8.9 ,"1,112,970"
Fight Club,139,Drama,David Fincher,Chuck Palahniuk;Jim Uhls,Brad Pitt;Edward Norton;Helena Bonham Carter, 8.9 ,"1,225,301"
The Lord of the Rings: The Fellowship of the Ring,178,Adventure;Fantasy,Peter Jackson,J.R.R. Tolkien;Fran Walsh,Elijah Wood;Ian McKellen;Orlando Bloom, 8.8 ,"1,137,453"
Star Wars: Episode V - The Empire Strikes Back,124,Action;Adventure,Irvin Kershner,Leigh Brackett;Lawrence Kasdan,Mark Hamill;Harrison Ford;Carrie Fisher, 8.8 ,"728,233"
Forrest Gump,142,Drama;Romance,Robert Zemeckis,Winston Groom;Eric Roth,Tom Hanks;Robin Wright;Gary Sinise, 8.8 ,"1,125,347"
Inception,148,Action;Mystery,Christopher Nolan,Christopher Nolan,Leonardo DiCaprio;Joseph Gordon-Levitt;Ellen Page, 8.8 ,"1,326,410"
One Flew Over the Cuckoo's Nest,133,Drama,Milos Forman,Lawrence Hauben;Bo Goldman,Jack Nicholson;Louise Fletcher;Michael Berryman, 8.7 ,"626,874"
The Lord of the Rings: The Two Towers,179,Adventure;Fantasy,Peter Jackson,J.R.R. Tolkien;Fran Walsh,Elijah Wood;Ian McKellen;Viggo Mortensen, 8.7 ,"1,003,927"
Goodfellas,146,Biography;Crime,Martin Scorsese,Nicholas Pileggi;Nicholas Pileggi,Robert De Niro;Ray Liotta;Joe Pesci, 8.7 ,"667,981"
The Matrix,136,Action;Sci-Fi,Andy Wachowski;Lana Wachowski,Andy Wachowski;Lana Wachowski,Keanu Reeves;Laurence Fishburne;Carrie-Anne Moss, 8.7 ,"1,113,587"
Star Wars: Episode IV - A New Hope,121,Action;Adventure,George Lucas,George Lucas,Mark Hamill;Harrison Ford;Carrie Fisher, 8.7 ,"798,437"
Shichinin no samurai,207,Drama,Akira Kurosawa,Akira Kurosawa;Shinobu Hashimoto,Toshirô Mifune;Takashi Shimura;Keiko Tsushima, 8.7 ,"212,358"
City of God,130,Crime;Drama,Fernando Meirelles;Kátia Lund,Paulo Lins;Bráulio Mantovani,Alexandre Rodrigues;Matheus Nachtergaele;Leandro Firmino, 8.7 ,"491,837"
Se7en,127,Crime;Drama,David Fincher,Andrew Kevin Walker,Morgan Freeman;Brad Pitt;Kevin Spacey, 8.6 ,"931,678"
The Silence of the Lambs,118,Crime;Drama,Jonathan Demme,Thomas Harris;Ted Tally,Jodie Foster;Anthony Hopkins;Lawrence A. Bonney, 8.6 ,"801,342"
The Usual Suspects,106,Crime;Drama,Bryan Singer,Christopher McQuarrie,Kevin Spacey;Gabriel Byrne;Chazz Palminteri, 8.6 ,"679,898"
It's a Wonderful Life,130,Drama;Family,Frank Capra,Frances Goodrich;Albert Hackett,James Stewart;Donna Reed;Lionel Barrymore, 8.6 ,"250,136"
La vita è bella,116,Comedy;Drama,Roberto Benigni,Vincenzo Cerami;Roberto Benigni,Roberto Benigni;Nicoletta Braschi;Giorgio Cantarini, 8.6 ,"375,919"
Léon,110,Crime;Drama,Luc Besson,Luc Besson,Jean Reno;Gary Oldman;Natalie Portman, 8.6 ,"660,421"
Once Upon a Time in the West,175,Western,Sergio Leone,Sergio Donati;Sergio Leone,Henry Fonda;Charles Bronson;Claudia Cardinale, 8.6 ,"198,684"
Interstellar,169,Adventure;Drama,Christopher Nolan,Jonathan Nolan;Christopher Nolan,Matthew McConaughey;Anne Hathaway;Jessica Chastain, 8.7 ,"763,461"
Saving Private Ryan,169,Action;Drama,Steven Spielberg,Robert Rodat,Tom Hanks;Matt Damon;Tom Sizemore, 8.6 ,"800,721"
De reis van Chihiro,125,Animation;Adventure,Hayao Miyazaki,Hayao Miyazaki,Daveigh Chase;Suzanne Pleshette;Miyu Irino, 8.6 ,"373,503"
American History X,119,Crime;Drama,Tony Kaye,David McKenna,Edward Norton;Edward Furlong;Beverly D'Angelo, 8.6 ,"719,439"
Casablanca,102,Drama;Romance,Michael Curtiz,Julius J. Epstein;Philip G. Epstein,Humphrey Bogart;Ingrid Bergman;Paul Henreid, 8.6 ,"360,583"
Psycho,109,Horror;Mystery,Alfred Hitchcock,Joseph Stefano;Robert Bloch,Anthony Perkins;Janet Leigh;Vera Miles, 8.6 ,"385,869"
City Lights,87,Comedy;Drama,Charles Chaplin,Charles Chaplin,Charles Chaplin;Virginia Cherrill;Florence Lee, 8.6 ,"96,814"
Indiana Jones and the Raiders of the Lost Ark,115,Action;Adventure,Steven Spielberg,Lawrence Kasdan;George Lucas,Harrison Ford;Karen Allen;Paul Freeman, 8.6 ,"605,490"
Rear Window,112,Mystery;Thriller,Alfred Hitchcock,John Michael Hayes;Cornell Woolrich,James Stewart;Grace Kelly;Wendell Corey, 8.5 ,"289,915"
The Intouchables,112,Biography;Comedy,Olivier Nakache;Eric Toledano,Olivier Nakache;Eric Toledano,François Cluzet;Omar Sy;Anne Le Ny, 8.6 ,"440,881"
Modern Times,87,Comedy;Drama,Charles Chaplin,Charles Chaplin,Charles Chaplin;Paulette Goddard;Henry Bergman, 8.6 ,"127,439"
The Green Mile,189,Crime;Drama,Frank Darabont,Stephen King;Frank Darabont,Tom Hanks;Michael Clarke Duncan;David Morse, 8.5 ,"703,403"
Terminator 2: Judgment Day,137,Action;Sci-Fi,James Cameron,James Cameron;William Wisher Jr.,Arnold Schwarzenegger;Linda Hamilton;Edward Furlong, 8.5 ,"682,884"
Whiplash,107,Drama;Music,Damien Chazelle,Damien Chazelle,Miles Teller;J.K. Simmons;Melissa Benoist, 8.5 ,"306,676"
The Pianist,150,Biography;Drama,Roman Polanski,Ronald Harwood;Wladyslaw Szpilman,Adrien Brody;Thomas Kretschmann;Frank Finlay, 8.5 ,"450,040"
The Departed,151,Crime;Drama,Martin Scorsese,William Monahan;Alan Mak,Leonardo DiCaprio;Matt Damon;Jack Nicholson, 8.5 ,"793,926"
Memento,113,Mystery;Thriller,Christopher Nolan,Christopher Nolan;Jonathan Nolan,Guy Pearce;Carrie-Anne Moss;Joe Pantoliano, 8.5 ,"778,480"
Back to the Future,116,Adventure;Comedy,Robert Zemeckis,Robert Zemeckis;Bob Gale,Michael J. Fox;Christopher Lloyd;Lea Thompson, 8.5 ,"658,044"
Gladiator,155,Action;Drama,Ridley Scott,David Franzoni;David Franzoni,Russell Crowe;Joaquin Phoenix;Connie Nielsen, 8.5 ,"895,808"
Apocalypse Now,153,Drama;War,Francis Ford Coppola,John Milius;Francis Ford Coppola,Martin Sheen;Marlon Brando;Robert Duvall, 8.5 ,"416,703"
Dr. Strangelove or: How I Learned to Stop Worrying and Love the Bomb,95,Comedy;War,Stanley Kubrick,Stanley Kubrick;Terry Southern,Peter Sellers;George C. Scott;Sterling Hayden, 8.5 ,"317,759"
Sunset Blvd.,110,Drama;Film-Noir,Billy Wilder,Charles Brackett;Billy Wilder,William Holden;Gloria Swanson;Erich von Stroheim, 8.5 ,"128,154"
The Prestige,130,Drama;Mystery,Christopher Nolan,Jonathan Nolan;Christopher Nolan,Christian Bale;Hugh Jackman;Scarlett Johansson, 8.5 ,"763,161"
Alien,117,Horror;Sci-Fi,Ridley Scott,Dan O'Bannon;Ronald Shusett,Sigourney Weaver;Tom Skerritt;John Hurt, 8.5 ,"515,346"
De leeuwenkoning,89,Animation;Adventure,Roger Allers;Rob Minkoff,Irene Mecchi;Jonathan Roberts,Matthew Broderick;Jeremy Irons;James Earl Jones, 8.5 ,"575,162"
De dictator,125,Comedy;Drama,Charles Chaplin,Charles Chaplin,Charles Chaplin;Paulette Goddard;Jack Oakie, 8.5 ,"122,955"
The Lives of Others,137,Drama;Thriller,Florian Henckel von Donnersmarck,Florian Henckel von Donnersmarck,Ulrich Mühe;Martina Gedeck;Sebastian Koch, 8.5 ,"237,568"
Nuovo Cinema Paradiso,155,Drama,Giuseppe Tornatore,Giuseppe Tornatore;Giuseppe Tornatore,Philippe Noiret;Enzo Cannavale;Antonella Attili, 8.5 ,"137,373"
The Shining,146,Drama;Horror,Stanley Kubrick,Stephen King;Stanley Kubrick,Jack Nicholson;Shelley Duvall;Danny Lloyd, 8.4 ,"553,530"
Django Unchained,165,Western,Quentin Tarantino,Quentin Tarantino,Jamie Foxx;Christoph Waltz;Leonardo DiCaprio, 8.5 ,"843,724"
Paths of Glory,88,Drama;War,Stanley Kubrick,Stanley Kubrick;Calder Willingham,Kirk Douglas;Ralph Meeker;Adolphe Menjou, 8.5 ,"109,884"
The Dark Knight Rises,164,Action;Thriller,Christopher Nolan,Jonathan Nolan;Christopher Nolan,Christian Bale;Tom Hardy;Anne Hathaway, 8.5 ,"1,035,827"
WALL·E,98,Animation;Adventure,Andrew Stanton,Andrew Stanton;Pete Docter,Ben Burtt;Elissa Knight;Jeff Garlin, 8.4 ,"646,440"
American Beauty,122,Drama;Romance,Sam Mendes,Alan Ball,Kevin Spacey;Annette Bening;Thora Birch, 8.4 ,"758,546"
Hotaru no haka,89,Animation;Drama,Isao Takahata,Akiyuki Nosaka;Isao Takahata,Tsutomu Tatsumi;Ayano Shiraishi;Akemi Yamaguchi, 8.5 ,"121,734"
Aliens,137,Action;Horror,James Cameron,James Cameron;David Giler,Sigourney Weaver;Michael Biehn;Carrie Henn, 8.4 ,"450,676"
Citizen Kane,119,Drama;Mystery,Orson Welles,Herman J. Mankiewicz;Orson Welles,Orson Welles;Joseph Cotten;Dorothy Comingore, 8.4 ,"276,651"
North by Northwest,136,Adventure;Mystery,Alfred Hitchcock,Ernest Lehman,Cary Grant;Eva Marie Saint;James Mason, 8.4 ,"204,604"
Oldeuboi,120,Drama;Mystery,Chan-wook Park,Garon Tsuchiya;Nobuaki Minegishi,Min-sik Choi;Ji-tae Yu;Hye-jeong Kang, 8.4 ,"323,108"
Mononoke-hime,134,Animation;Adventure,Hayao Miyazaki,Hayao Miyazaki,Yôji Matsuda;Yuriko Ishida;Yûko Tanaka, 8.4 ,"200,062"
Vertigo,128,Mystery;Romance,Alfred Hitchcock,Alec Coppel;Samuel A. Taylor,James Stewart;Kim Novak;Barbara Bel Geddes, 8.4 ,"226,433"
Star Wars: Episode VI - Return of the Jedi,134,Action;Adventure,Richard Marquand,Lawrence Kasdan;George Lucas,Mark Hamill;Harrison Ford;Carrie Fisher, 8.4 ,"580,789"
Das Boot,149,Adventure;Drama,Wolfgang Petersen,Wolfgang Petersen;Lothar G. Buchheim,Jürgen Prochnow;Herbert Grönemeyer;Klaus Wennemann, 8.4 ,"155,756"
M,117,Crime;Drama,Fritz Lang,Thea von Harbou;Fritz Lang,Peter Lorre;Ellen Widmann;Inge Landgut, 8.4 ,"91,171"
Once Upon a Time in America,229,Crime;Drama,Sergio Leone,Harry Grey;Leonardo Benvenuti,Robert De Niro;James Woods;Elizabeth McGovern, 8.4 ,"201,936"
Amélie,122,Comedy;Romance,Jean-Pierre Jeunet,Guillaume Laurant;Jean-Pierre Jeunet,Audrey Tautou;Mathieu Kassovitz;Rufus, 8.4 ,"490,564"
Inside Out,94,Animation;Adventure,Pete Docter;Ronnie Del Carmen,Pete Docter;Ronnie Del Carmen,Amy Poehler;Bill Hader;Lewis Black, 8.4 ,"173,545"
Witness for the Prosecution,116,Drama;Mystery,Billy Wilder,Agatha Christie;Billy Wilder,Tyrone Power;Marlene Dietrich;Charles Laughton, 8.4 ,"55,771"
Reservoir Dogs,99,Crime;Drama,Quentin Tarantino,Quentin Tarantino;Roger Avary,Harvey Keitel;Tim Roth;Michael Madsen, 8.4 ,"601,679"
Braveheart,178,Biography;Drama,Mel Gibson,Randall Wallace,Mel Gibson;Sophie Marceau;Patrick McGoohan, 8.4 ,"676,369"
Toy Story 3,103,Animation;Adventure,Lee Unkrich,John Lasseter;Andrew Stanton,Tom Hanks;Tim Allen;Joan Cusack, 8.4 ,"490,546"
A Clockwork Orange,136,Crime;Drama,Stanley Kubrick,Stanley Kubrick;Anthony Burgess,Malcolm McDowell;Patrick Magee;Michael Bates, 8.4 ,"508,807"
Requiem for a Dream,102,Drama,Darren Aronofsky,Hubert Selby Jr.;Hubert Selby Jr.,Ellen Burstyn;Jared Leto;Jennifer Connelly, 8.4 ,"528,222"
Taxi Driver,113,Crime;Drama,Martin Scorsese,Paul Schrader,Robert De Niro;Jodie Foster;Cybill Shepherd, 8.4 ,"461,191"
Double Indemnity,107,Crime;Drama,Billy Wilder,Billy Wilder;Raymond Chandler,Fred MacMurray;Barbara Stanwyck;Edward G. Robinson, 8.4 ,"89,613"
To Kill a Mockingbird,129,Drama,Robert Mulligan,Harper Lee;Horton Foote,Gregory Peck;John Megna;Frank Overton, 8.4 ,"195,533"
Lawrence of Arabia,216,Adventure;Biography,David Lean,T.E. Lawrence;Robert Bolt,Peter O'Toole;Alec Guinness;Anthony Quinn, 8.4 ,"176,249"
Eternal Sunshine of the Spotless Mind,108,Drama;Romance,Michel Gondry,Charlie Kaufman;Michel Gondry,Jim Carrey;Kate Winslet;Tom Wilkinson, 8.4 ,"610,571"
Full Metal Jacket,116,Drama;War,Stanley Kubrick,Gustav Hasford;Stanley Kubrick,Matthew Modine;R. Lee Ermey;Vincent D'Onofrio, 8.3 ,"441,398"
Amadeus,160,Biography;Drama,Milos Forman,Peter Shaffer;Peter Shaffer,F. Murray Abraham;Tom Hulce;Elizabeth Berridge, 8.3 ,"248,133"
The Sting,129,Comedy;Crime,George Roy Hill,David S. Ward,Paul Newman;Robert Redford;Robert Shaw, 8.3 ,"161,010"
Singin' in the Rain,103,Comedy;Musical,Stanley Donen;Gene Kelly,Adolph Green;Betty Comden,Gene Kelly;Donald O'Connor;Debbie Reynolds, 8.4 ,"137,324"
Ladri di biciclette,93,Drama,Vittorio De Sica,Cesare Zavattini;Luigi Bartolini,Lamberto Maggiorani;Enzo Staiola;Lianella Carell, 8.4 ,"85,258"
2001: A Space Odyssey,160,Mystery;Sci-Fi,Stanley Kubrick,Stanley Kubrick;Arthur C. Clarke,Keir Dullea;Gary Lockwood;William Sylvester, 8.3 ,"387,861"
Snatch.,104,Comedy;Crime,Guy Ritchie,Guy Ritchie,Jason Statham;Brad Pitt;Benicio Del Toro, 8.3 ,"554,559"
Monty Python and the Holy Grail,91,Adventure;Comedy,Terry Gilliam;Terry Jones,Graham Chapman;John Cleese,Graham Chapman;John Cleese;Eric Idle, 8.3 ,"353,650"
The Kid,68,Comedy;Drama,Charles Chaplin,Charles Chaplin,Charles Chaplin;Edna Purviance;Jackie Coogan, 8.4 ,"58,918"
Toy Story,81,Animation;Adventure,John Lasseter,John Lasseter;Pete Docter,Tom Hanks;Tim Allen;Don Rickles, 8.3 ,"559,446"
Per qualche dollaro in più,132,Western,Sergio Leone,Sergio Leone;Fulvio Morsella,Clint Eastwood;Lee Van Cleef;Gian Maria Volonté, 8.3 ,"141,296"
Rashômon,88,Crime;Drama,Akira Kurosawa,Ryûnosuke Akutagawa;Akira Kurosawa,Toshirô Mifune;Machiko Kyô;Masayuki Mori, 8.3 ,"93,702"
L.A. Confidential,138,Crime;Drama,Curtis Hanson,James Ellroy;Brian Helgeland,Kevin Spacey;Russell Crowe;Guy Pearce, 8.3 ,"386,728"
Inglourious Basterds,153,Adventure;Drama,Quentin Tarantino;Eli Roth,Quentin Tarantino,Brad Pitt;Diane Kruger;Eli Roth, 8.3 ,"789,942"
All About Eve,138,Drama,Joseph L. Mankiewicz,Joseph L. Mankiewicz,Bette Davis;Anne Baxter;George Sanders, 8.4 ,"76,589"
The Apartment,125,Comedy;Drama,Billy Wilder,Billy Wilder;I.A.L. Diamond,Jack Lemmon;Shirley MacLaine;Fred MacMurray, 8.3 ,"99,495"
The Treasure of the Sierra Madre,126,Action;Adventure,John Huston,John Huston;B. Traven,Humphrey Bogart;Walter Huston;Tim Holt, 8.3 ,"73,135"
Indiana Jones and the Last Crusade,127,Action;Adventure,Steven Spielberg,Jeffrey Boam;George Lucas,Harrison Ford;Sean Connery;Alison Doody, 8.3 ,"470,239"
Jodaeiye Nader az Simin,123,Drama,Asghar Farhadi,Asghar Farhadi,Peyman Moaadi;Leila Hatami;Sareh Bayat, 8.4 ,"138,834"
Metropolis,153,Drama;Sci-Fi,Fritz Lang,Thea von Harbou;Thea von Harbou,Brigitte Helm;Alfred Abel;Gustav Fröhlich, 8.3 ,"102,298"
Yôjinbô,110,Drama,Akira Kurosawa,Akira Kurosawa;Akira Kurosawa,Toshirô Mifune;Eijirô Tôno;Tatsuya Nakadai, 8.3 ,"67,725"
Scarface,170,Crime;Drama,Brian De Palma,Oliver Stone,Al Pacino;Michelle Pfeiffer;Steven Bauer, 8.3 ,"492,574"
Batman Begins,140,Action;Adventure,Christopher Nolan,Bob Kane;David S. Goyer,Christian Bale;Michael Caine;Ken Watanabe, 8.3 ,"884,993"
Some Like It Hot,120,Comedy,Billy Wilder,Billy Wilder;I.A.L. Diamond,Marilyn Monroe;Tony Curtis;Jack Lemmon, 8.3 ,"161,675"
The Third Man,104,Film-Noir;Mystery,Carol Reed,Graham Greene;Graham Greene,Orson Welles;Joseph Cotten;Alida Valli, 8.3 ,"105,089"
Unforgiven,131,Western,Clint Eastwood,David Webb Peoples,Clint Eastwood;Gene Hackman;Morgan Freeman, 8.3 ,"256,142"
3 Idiots,170,Comedy;Drama,Rajkumar Hirani,Rajkumar Hirani;Abhijat Joshi,Aamir Khan;Madhavan;Mona Singh, 8.5 ,"177,720"
Up,96,Animation;Adventure,Pete Docter;Bob Peterson,Pete Docter;Bob Peterson,Edward Asner;Jordan Nagai;John Ratzenberger, 8.3 ,"593,513"
Raging Bull,129,Biography;Drama,Martin Scorsese,Jake LaMotta;Joseph Carter,Robert De Niro;Cathy Moriarty;Joe Pesci, 8.3 ,"217,353"
Der Untergang,156,Biography;Drama,Oliver Hirschbiegel,Bernd Eichinger;Joachim Fest,Bruno Ganz;Alexandra Maria Lara;Ulrich Matthes, 8.3 ,"230,438"
Jagten,115,Drama,Thomas Vinterberg,Tobias Lindholm;Thomas Vinterberg,Mads Mikkelsen;Thomas Bo Larsen;Annika Wedderkopp, 8.3 ,"145,636"
Good Will Hunting,126,Drama,Gus Van Sant,Matt Damon;Ben Affleck,Robin Williams;Matt Damon;Ben Affleck, 8.3 ,"549,223"
The Great Escape,172,Adventure;Drama,John Sturges,Paul Brickhill;James Clavell,Steve McQueen;James Garner;Richard Attenborough, 8.3 ,"152,448"
Chinatown,130,Crime;Drama,Roman Polanski,Robert Towne,Jack Nicholson;Faye Dunaway;John Huston, 8.3 ,"199,387"
Die Hard,131,Action;Thriller,John McTiernan,Roderick Thorp;Jeb Stuart,Bruce Willis;Alan Rickman;Bonnie Bedelia, 8.3 ,"546,413"
Heat,170,Action;Crime,Michael Mann,Michael Mann,Al Pacino;Robert De Niro;Val Kilmer, 8.3 ,"400,322"
On the Waterfront,108,Crime;Drama,Elia Kazan,Budd Schulberg;Budd Schulberg,Marlon Brando;Karl Malden;Lee J. Cobb, 8.3 ,"92,219"
Pan's Labyrinth,118,Drama;Fantasy,Guillermo del Toro,Guillermo del Toro,Ivana Baquero;Ariadna Gil;Sergi López, 8.2 ,"430,992"
Mr. Smith Goes to Washington,129,Drama,Frank Capra,Sidney Buchman;Lewis R. Foster,James Stewart;Jean Arthur;Claude Rains, 8.3 ,"71,613"
The Bridge on the River Kwai,161,Adventure;Drama,David Lean,Pierre Boulle;Carl Foreman,William Holden;Alec Guinness;Jack Hawkins, 8.2 ,"136,904"
Tonari no Totoro,86,Animation;Family,Hayao Miyazaki,Hayao Miyazaki,Hitoshi Takagi;Noriko Hidaka;Chika Sakamoto, 8.3 ,"150,448"
Ran,162,Action;Drama,Akira Kurosawa,Akira Kurosawa;Hideo Oguni,Tatsuya Nakadai;Akira Terao;Jinpachi Nezu, 8.3 ,"71,391"
The Gold Rush,95,Adventure;Comedy,Charles Chaplin,Charles Chaplin,Charles Chaplin;Mack Swain;Tom Murray, 8.3 ,"61,179"
Ikiru,143,Drama,Akira Kurosawa,Akira Kurosawa;Shinobu Hashimoto,Takashi Shimura;Nobuo Kaneko;Shin'ichi Himori, 8.3 ,"38,124"
Det sjunde inseglet,96,Drama;Fantasy,Ingmar Bergman,Ingmar Bergman;Ingmar Bergman,Max von Sydow;Gunnar Björnstrand;Bengt Ekerot, 8.3 ,"102,399"
Blade Runner,117,Sci-Fi;Thriller,Ridley Scott,Hampton Fancher;David Webb Peoples,Harrison Ford;Rutger Hauer;Sean Young, 8.2 ,"427,790"
El secreto de sus ojos,129,Drama;Mystery,Juan José Campanella,Eduardo Sacheri;Juan José Campanella,Ricardo Darín;Soledad Villamil;Pablo Rago, 8.2 ,"115,010"
Smultronstället,91,Drama,Ingmar Bergman,Ingmar Bergman,Victor Sjöström;Bibi Andersson;Ingrid Thulin, 8.3 ,"57,899"
"Lock, Stock and Two Smoking Barrels",107,Comedy;Crime,Guy Ritchie,Guy Ritchie,Jason Flemyng;Dexter Fletcher;Nick Moran, 8.2 ,"385,465"
The General,67,Action;Adventure,Clyde Bruckman;Buster Keaton,Buster Keaton;Clyde Bruckman,Buster Keaton;Marion Mack;Glen Cavender, 8.3 ,"48,232"
The Elephant Man,124,Biography;Drama,David Lynch,Christopher De Vore;Eric Bergren,Anthony Hopkins;John Hurt;Anne Bancroft, 8.2 ,"150,190"
Mad Max: Fury Road,120,Action;Adventure,George Miller,George Miller;Brendan McCarthy,Tom Hardy;Charlize Theron;Nicholas Hoult, 8.2 ,"367,060"
Casino,178,Biography;Crime,Martin Scorsese,Nicholas Pileggi;Nicholas Pileggi,Robert De Niro;Sharon Stone;Joe Pesci, 8.2 ,"305,292"
Hauru no ugoku shiro,119,Animation;Adventure,Hayao Miyazaki,Hayao Miyazaki;Diana Wynne Jones,Chieko Baishô;Takuya Kimura;Tatsuya Gashûin, 8.2 ,"191,244"
Warrior,140,Drama;Sport,Gavin O'Connor,Gavin O'Connor;Anthony Tambakis,Tom Hardy;Nick Nolte;Joel Edgerton, 8.2 ,"301,075"
The Wolf of Wall Street,180,Biography;Comedy,Martin Scorsese,Terence Winter;Jordan Belfort,Leonardo DiCaprio;Jonah Hill;Margot Robbie, 8.2 ,"666,464"
Gran Torino,116,Drama,Clint Eastwood,Nick Schenk;Dave Johannson,Clint Eastwood;Bee Vang;Christopher Carley, 8.2 ,"519,220"
V for Vendetta,132,Action;Drama,James McTeigue,Andy Wachowski;Lana Wachowski,Hugo Weaving;Natalie Portman;Rupert Graves, 8.2 ,"725,817"
The Martian,144,Adventure;Comedy,Ridley Scott,Drew Goddard;Andy Weir,Matt Damon;Jessica Chastain;Kristen Wiig, 8.2 ,"150,848"
The Big Lebowski,117,Comedy;Crime,Joel Coen;Ethan Coen,Ethan Coen;Joel Coen,Jeff Bridges;John Goodman;Julianne Moore, 8.2 ,"491,492"
Oordeel te Neurenberg,186,Drama;History,Stanley Kramer,Abby Mann;Abby Mann,Spencer Tracy;Burt Lancaster;Richard Widmark, 8.3 ,"39,541"
Rebecca,130,Film-Noir;Mystery,Alfred Hitchcock,Daphne Du Maurier;Robert E. Sherwood,Laurence Olivier;Joan Fontaine;George Sanders, 8.2 ,"80,769"
A Beautiful Mind,135,Biography;Drama,Ron Howard,Akiva Goldsman;Sylvia Nasar,Russell Crowe;Ed Harris;Jennifer Connelly, 8.2 ,"549,514"
The Deer Hunter,183,Drama;War,Michael Cimino,Michael Cimino;Deric Washburn,Robert De Niro;Christopher Walken;John Cazale, 8.2 ,"215,669"
How to Train Your Dragon,98,Animation;Adventure,Dean DeBlois;Chris Sanders,William Davies;Dean DeBlois,Jay Baruchel;Gerard Butler;Christopher Mintz-Plasse, 8.2 ,"435,349"
Cool Hand Luke,126,Crime;Drama,Stuart Rosenberg,Donn Pearce;Frank Pierson,Paul Newman;George Kennedy;Strother Martin, 8.2 ,"111,426"
Gone with the Wind,238,Drama;Romance,Victor Fleming;George Cukor,Margaret Mitchell;Sidney Howard,Clark Gable;Vivien Leigh;Thomas Mitchell, 8.2 ,"198,697"
Fargo,98,Crime;Drama,Joel Coen;Ethan Coen,Ethan Coen;Joel Coen,William H. Macy;Frances McDormand;Steve Buscemi, 8.2 ,"412,676"
Trainspotting,94,Drama,Danny Boyle,Irvine Welsh;John Hodge,Ewan McGregor;Ewen Bremner;Jonny Lee Miller, 8.2 ,"433,411"
Dial M for Murder,105,Crime;Thriller,Alfred Hitchcock,Frederick Knott;Frederick Knott,Ray Milland;Grace Kelly;Robert Cummings, 8.2 ,"96,087"
Het gebeurde op 'n avond,105,Comedy;Romance,Frank Capra,Robert Riskin;Samuel Hopkins Adams,Clark Gable;Claudette Colbert;Walter Connolly, 8.2 ,"58,903"
Into the Wild,148,Adventure;Biography,Sean Penn,Sean Penn;Jon Krakauer,Emile Hirsch;Vince Vaughn;Catherine Keener, 8.2 ,"388,067"
The Sixth Sense,107,Drama;Mystery,M. Night Shyamalan,M. Night Shyamalan,Bruce Willis;Haley Joel Osment;Toni Collette, 8.2 ,"652,078"
Gone Girl,149,Drama;Mystery,David Fincher,Gillian Flynn;Gillian Flynn,Ben Affleck;Rosamund Pike;Neil Patrick Harris, 8.2 ,"484,336"
Incendies,139,Drama;Mystery,Denis Villeneuve,Denis Villeneuve;Wajdi Mouawad,Lubna Azabal;Mélissa Désormeaux-Poulin;Maxim Gaudette, 8.2 ,"69,385"
Finding Nemo,100,Animation;Adventure,Andrew Stanton;Lee Unkrich,Andrew Stanton;Andrew Stanton,Albert Brooks;Ellen DeGeneres;Alexander Gould, 8.2 ,"617,757"
Rush,123,Action;Biography,Ron Howard,Peter Morgan,Daniel Brühl;Chris Hemsworth;Olivia Wilde, 8.2 ,"274,534"
Mary and Max,92,Animation;Comedy,Adam Elliot,Adam Elliot,Toni Collette;Philip Seymour Hoffman;Eric Bana, 8.2 ,"107,381"
The Thing,109,Horror;Sci-Fi,John Carpenter,Bill Lancaster;John W. Campbell Jr.,Kurt Russell;Wilford Brimley;Keith David, 8.2 ,"236,008"
No Country for Old Men,122,Crime;Drama,Ethan Coen;Joel Coen,Joel Coen;Ethan Coen,Tommy Lee Jones;Javier Bardem;Josh Brolin, 8.1 ,"559,581"
The Maltese Falcon,100,Crime;Drama,John Huston,John Huston;Dashiell Hammett,Humphrey Bogart;Mary Astor;Gladys George, 8.2 ,"104,608"
Kill Bill: Vol. 1,111,Action,Quentin Tarantino,Quentin Tarantino;Quentin Tarantino,Uma Thurman;David Carradine;Daryl Hannah, 8.1 ,"671,156"
Hotel Rwanda,121,Drama;History,Terry George,Keir Pearson;Terry George,Don Cheadle;Sophie Okonedo;Joaquin Phoenix, 8.1 ,"244,754"
Le salaire de la peur,131,Adventure;Drama,Henri-Georges Clouzot,Georges Arnaud;Henri-Georges Clouzot,Yves Montand;Charles Vanel;Peter van Eyck, 8.2 ,"32,219"
Life of Brian,94,Comedy,Terry Jones,Graham Chapman;John Cleese,Graham Chapman;John Cleese;Michael Palin, 8.1 ,"250,666"
Platoon,120,Drama;War,Oliver Stone,Oliver Stone,Charlie Sheen;Tom Berenger;Willem Dafoe, 8.1 ,"270,442"
Butch Cassidy and the Sundance Kid,110,Biography;Crime,George Roy Hill,William Goldman,Paul Newman;Robert Redford;Katharine Ross, 8.1 ,"139,216"
There Will Be Blood,158,Drama,Paul Thomas Anderson,Paul Thomas Anderson;Upton Sinclair,Daniel Day-Lewis;Paul Dano;Ciarán Hinds, 8.1 ,"342,511"
Network,121,Drama,Sidney Lumet,Paddy Chayefsky,Faye Dunaway;William Holden;Peter Finch, 8.1 ,"94,689"
Les quatre cents coups,99,Crime;Drama,François Truffaut,François Truffaut;Marcel Moussy,Jean-Pierre Léaud;Albert Rémy;Claire Maurier, 8.2 ,"64,011"
Touch of Evil,95,Crime;Film-Noir,Orson Welles,Orson Welles;Whit Masterson,Charlton Heston;Orson Welles;Janet Leigh, 8.2 ,"67,328"
Stand by Me,89,Adventure;Drama,Rob Reiner,Stephen King;Raynold Gideon,Wil Wheaton;River Phoenix;Corey Feldman, 8.1 ,"250,391"
Persona,85,Drama,Ingmar Bergman,Ingmar Bergman,Bibi Andersson;Liv Ullmann;Margaretha Krook, 8.2 ,"54,922"
12 Years a Slave,134,Biography;Drama,Steve McQueen,John Ridley;Solomon Northup,Chiwetel Ejiofor;Michael Kenneth Williams;Michael Fassbender, 8.1 ,"381,164"
The Princess Bride,98,Adventure;Comedy,Rob Reiner,William Goldman;William Goldman,Cary Elwes;Mandy Patinkin;Robin Wright, 8.1 ,"272,094"
In the Name of the Father,133,Biography;Drama,Jim Sheridan,Gerry Conlon;Terry George,Daniel Day-Lewis;Pete Postlethwaite;Alison Crosbie, 8.1 ,"98,989"
Amores perros,154,Drama;Thriller,Alejandro González Iñárritu,Guillermo Arriaga,Emilio Echevarría;Gael García Bernal;Goya Toledo, 8.1 ,"160,560"
The Grand Budapest Hotel,99,Adventure;Comedy,Wes Anderson,Stefan Zweig;Wes Anderson,Ralph Fiennes;F. Murray Abraham;Mathieu Amalric, 8.1 ,"400,812"
Million Dollar Baby,132,Drama;Sport,Clint Eastwood,Paul Haggis;F.X. Toole,Hilary Swank;Clint Eastwood;Morgan Freeman, 8.1 ,"441,012"
Annie Hall,93,Comedy;Romance,Woody Allen,Woody Allen;Marshall Brickman,Woody Allen;Diane Keaton;Tony Roberts, 8.1 ,"175,869"
Ben Hur,212,Adventure;Drama,William Wyler,Lew Wallace;Karl Tunberg,Charlton Heston;Jack Hawkins;Stephen Boyd, 8.1 ,"146,430"
The Grapes of Wrath,129,Drama,John Ford,Nunnally Johnson;John Steinbeck,Henry Fonda;Jane Darwell;John Carradine, 8.1 ,"57,680"
Shutter Island,138,Mystery;Thriller,Martin Scorsese,Laeta Kalogridis;Dennis Lehane,Leonardo DiCaprio;Emily Mortimer;Mark Ruffalo, 8.1 ,"701,390"
Kaze no tani no Naushika,117,Animation;Adventure,Hayao Miyazaki,Hayao Miyazaki;Hayao Miyazaki,Sumi Shimamoto;Mahito Tsujimura;Hisako Kyôda, 8.1 ,"85,754"
Hachi: A Dog's Tale,93,Drama;Family,Lasse Hallström,Stephen P. Lindsey;Kaneto Shindô,Richard Gere;Joan Allen;Cary-Hiroyuki Tagawa, 8.2 ,"130,946"
Demonen,116,Drama;Horror,Henri-Georges Clouzot,Pierre Boileau;Thomas Narcejac,Simone Signoret;Véra Clouzot;Paul Meurisse, 8.2 ,"38,405"
Relatos salvajes,122,Comedy;Drama,Damián Szifrón,Damián Szifrón,Darío Grandinetti;María Marull;Mónica Villa, 8.2 ,"59,788"
Stalker,163,Drama;Sci-Fi,Andrei Tarkovsky,Arkadiy Strugatskiy;Boris Strugatskiy,Alisa Freyndlikh;Aleksandr Kaydanovskiy;Anatoliy Solonitsyn, 8.2 ,"61,731"
Sin City,124,Crime;Thriller,Frank Miller;Robert Rodriguez,Frank Miller,Mickey Rourke;Clive Owen;Bruce Willis, 8.1 ,"614,842"
Gandhi,191,Biography;Drama,Richard Attenborough,John Briley,Ben Kingsley;John Gielgud;Candice Bergen, 8.1 ,"157,282"
De beste jaren van ons leven,172,Drama;Romance,William Wyler,Robert E. Sherwood;MacKinlay Kantor,Fredric March;Dana Andrews;Myrna Loy, 8.2 ,"37,144"
The Wizard of Oz,102,Adventure;Family,Victor Fleming;George Cukor,Noel Langley;Florence Ryerson,Judy Garland;Frank Morgan;Ray Bolger, 8.1 ,"267,961"
The Bourne Ultimatum,115,Action;Thriller,Paul Greengrass,Tony Gilroy;Scott Z. Burns,Matt Damon;Édgar Ramírez;Joan Allen, 8.1 ,"448,426"
Jurassic Park,127,Adventure;Sci-Fi,Steven Spielberg,Michael Crichton;Michael Crichton,Sam Neill;Laura Dern;Jeff Goldblum, 8.1 ,"545,608"
Donnie Darko,113,Drama;Sci-Fi,Richard Kelly,Richard Kelly,Jake Gyllenhaal;Jena Malone;Mary McDonnell, 8.1 ,"538,306"
8½,138,Drama,Federico Fellini,Federico Fellini;Ennio Flaiano,Marcello Mastroianni;Anouk Aimée;Claudia Cardinale, 8.1 ,"72,345"
Strangers on a Train,101,Crime;Film-Noir,Alfred Hitchcock,Raymond Chandler;Czenzi Ormonde,Farley Granger;Robert Walker;Ruth Roman, 8.1 ,"88,012"
Before Sunrise,105,Drama;Romance,Richard Linklater,Richard Linklater;Kim Krizan,Ethan Hawke;Julie Delpy;Andrea Eckert, 8.1 ,"165,383"
Twelve Monkeys,129,Mystery;Sci-Fi,Terry Gilliam,Chris Marker;David Webb Peoples,Bruce Willis;Madeleine Stowe;Brad Pitt, 8.1 ,"428,664"
The Terminator,107,Action;Sci-Fi,James Cameron,James Cameron;Gale Anne Hurd,Arnold Schwarzenegger;Linda Hamilton;Michael Biehn, 8.1 ,"548,053"
The Avengers,143,Action;Adventure,Joss Whedon,Joss Whedon;Zak Penn,Robert Downey Jr.;Chris Evans;Scarlett Johansson, 8.1 ,"896,558"
Mou gaan dou,101,Crime;Mystery,Wai-Keung Lau;Alan Mak,Alan Mak;Felix Chong,Andy Lau;Tony Chiu Wai Leung;Anthony Chau-Sang Wong, 8.1 ,"85,050"
Groundhog Day,101,Comedy;Fantasy,Harold Ramis,Danny Rubin;Harold Ramis,Bill Murray;Andie MacDowell;Chris Elliott, 8.1 ,"398,287"
Jaws,124,Adventure;Drama,Steven Spielberg,Peter Benchley;Carl Gottlieb,Roy Scheider;Robert Shaw;Richard Dreyfuss, 8.1 ,"377,600"
"Monsters, Inc.",92,Animation;Adventure,Pete Docter;David Silverman,Pete Docter;Jill Culton,Billy Crystal;John Goodman;Mary Gibbs, 8.1 ,"524,498"
De slag om Algiers,121,Drama;History,Gillo Pontecorvo,Gillo Pontecorvo;Franco Solinas,Brahim Hadjadj;Jean Martin;Yacef Saadi, 8.2 ,"33,643"
Salinui chueok,130,Crime;Drama,Joon-ho Bong,Joon-ho Bong;Kwang-rim Kim,Kang-ho Song;Sang-kyung Kim;Roe-ha Kim, 8.1 ,"57,765"
The Truman Show,103,Drama,Peter Weir,Andrew Niccol,Jim Carrey;Ed Harris;Laura Linney, 8.1 ,"606,104"
Harry Potter and the Deathly Hallows: Part 2,130,Adventure;Drama,David Yates,Steve Kloves;J.K. Rowling,Daniel Radcliffe;Emma Watson;Rupert Grint, 8.1 ,"486,849"
Fanny och Alexander,188,Drama,Ingmar Bergman,Ingmar Bergman,Bertil Guve;Pernilla Allwin;Kristina Adolphson, 8.1 ,"39,412"
Barry Lyndon,184,Adventure;Drama,Stanley Kubrick,Stanley Kubrick;William Makepeace Thackeray,Ryan O'Neal;Marisa Berenson;Patrick Magee, 8.1 ,"92,926"
Kumonosu-jô,110,Drama,Akira Kurosawa,Hideo Oguni;Shinobu Hashimoto,Toshirô Mifune;Minoru Chiaki;Isuzu Yamada, 8.2 ,"27,623"
Rocky,119,Drama;Sport,John G. Avildsen,Sylvester Stallone,Sylvester Stallone;Talia Shire;Burt Young, 8.1 ,"331,672"
Dog Day Afternoon,125,Crime;Drama,Sidney Lumet,Frank Pierson;P.F. Kluge,Al Pacino;John Cazale;Penelope Allen, 8.1 ,"169,580"
Guardians of the Galaxy,121,Action;Adventure,James Gunn,James Gunn;Nicole Perlman,Chris Pratt;Vin Diesel;Bradley Cooper, 8.1 ,"569,739"
La haine,98,Crime;Drama,Mathieu Kassovitz,Mathieu Kassovitz,Vincent Cassel;Hubert Koundé;Saïd Taghmaoui, 8.1 ,"94,132"
Yip Man,106,Action;Biography,Wilson Yip,Edmond Wong;Chan Tai-Li,Donnie Yen;Simon Yam;Siu-Wong Fan, 8.1 ,"145,112"
Klokslag 12,85,Drama;Western,Fred Zinnemann,Carl Foreman;John W. Cunningham,Gary Cooper;Grace Kelly;Thomas Mitchell, 8.1 ,"74,193"
The King's Speech,118,Biography;Drama,Tom Hooper,David Seidler,Colin Firth;Geoffrey Rush;Helena Bonham Carter, 8.1 ,"454,168"
The Imitation Game,114,Biography;Drama,Morten Tyldum,Graham Moore;Andrew Hodges,Benedict Cumberbatch;Keira Knightley;Matthew Goode, 8.1 ,"366,654"
Per un pugno di dollari,99,Action;Drama,Sergio Leone,Adriano Bolzoni;Víctor Andrés Catena,Clint Eastwood;Gian Maria Volonté;Marianne Koch, 8.1 ,"130,642"
Pirates of the Caribbean: The Curse of the Black Pearl,143,Action;Adventure,Gore Verbinski,Ted Elliott;Terry Rossio,Johnny Depp;Geoffrey Rush;Orlando Bloom, 8.1 ,"743,941"
Notorious,101,Drama;Film-Noir,Alfred Hitchcock,Ben Hecht,Cary Grant;Ingrid Bergman;Claude Rains, 8.1 ,"68,775"
Prisoners,153,Crime;Drama,Denis Villeneuve,Aaron Guzikowski,Hugh Jackman;Jake Gyllenhaal;Viola Davis, 8.1 ,"332,912"
Tenkû no shiro Rapyuta,124,Animation;Adventure,Hayao Miyazaki,Hayao Miyazaki,Anna Paquin;James Van Der Beek;Cloris Leachman, 8.1 ,"88,089"
The Help,146,Drama,Tate Taylor,Tate Taylor;Kathryn Stockett,Emma Stone;Viola Davis;Octavia Spencer, 8.1 ,"292,634"
Roman Holiday,118,Comedy;Romance,William Wyler,Ian McLellan Hunter;John Dighton,Gregory Peck;Audrey Hepburn;Eddie Albert, 8.1 ,"90,945"
Wie is bang voor Virginia Woolf?,131,Drama,Mike Nichols,Ernest Lehman,Elizabeth Taylor;Richard Burton;George Segal, 8.1 ,"51,944"
Papillon,151,Biography;Crime,Franklin J. Schaffner,Dalton Trumbo;Lorenzo Semple Jr.,Steve McQueen;Dustin Hoffman;Victor Jory, 8.1 ,"91,484"
Bom yeoreum gaeul gyeoul geurigo bom,103,Drama,Ki-duk Kim,Ki-duk Kim,Ki-duk Kim;Yeong-su Oh;Jong-ho Kim, 8.1 ,"57,698"
Belle en het Beest,84,Animation;Family,Gary Trousdale;Kirk Wise,Linda Woolverton;Roger Allers,Paige O'Hara;Robby Benson;Jesse Corti, 8.0 ,"279,192"
The Night of the Hunter,92,Crime;Drama,Charles Laughton;Robert Mitchum,Davis Grubb;James Agee,Robert Mitchum;Shelley Winters;Lillian Gish, 8.1 ,"60,010"
Anatomy of a Murder,160,Crime;Drama,Otto Preminger,Wendell Mayes;John D. Voelker,James Stewart;Lee Remick;Ben Gazzara, 8.1 ,"42,648"
Before Sunset,80,Drama;Romance,Richard Linklater,Richard Linklater;Julie Delpy,Ethan Hawke;Julie Delpy;Vernon Dobtcheff, 8.1 ,"153,536"
La Strada,108,Drama,Federico Fellini,Federico Fellini;Tullio Pinelli,Anthony Quinn;Giulietta Masina;Richard Basehart, 8.1 ,"43,910"
The Graduate,106,Comedy;Drama,Mike Nichols,Calder Willingham;Buck Henry,Dustin Hoffman;Anne Bancroft;Katharine Ross, 8.0 ,"200,117"
La dolce vita,174,Comedy;Drama,Federico Fellini,Federico Fellini;Ennio Flaiano,Marcello Mastroianni;Anita Ekberg;Anouk Aimée, 8.1 ,"45,298"
The Hustler,134,Drama;Sport,Robert Rossen,Sidney Carroll;Robert Rossen,Paul Newman;Jackie Gleason;Piper Laurie, 8.1 ,"59,830"
Le samouraï,105,Crime;Drama,Jean-Pierre Melville,Jean-Pierre Melville;Georges Pellegrin,Alain Delon;Nathalie Delon;François Périer, 8.1 ,"29,421"
Trois couleurs: Rouge,99,Drama;Mystery,Krzysztof Kieslowski,Krzysztof Kieslowski;Krzysztof Piesiewicz,Irène Jacob;Jean-Louis Trintignant;Frédérique Feder, 8.1 ,"59,406"
Fa yeung nin wa,98,Drama;Romance,Kar Wai Wong,Kar Wai Wong,Tony Chiu Wai Leung;Maggie Cheung;Ping Lam Siu, 8.1 ,"68,732"
Solaris,167,Drama;Mystery,Andrei Tarkovsky,Stanislaw Lem;Fridrikh Gorenshteyn,Natalya Bondarchuk;Donatas Banionis;Jüri Järvet, 8.1 ,"49,409"
The Killing,85,Crime;Film-Noir,Stanley Kubrick,Stanley Kubrick;Jim Thompson,Sterling Hayden;Coleen Gray;Vince Edwards, 8.1 ,"58,308"
Tramlijn Begeerte,122,Drama,Elia Kazan,Tennessee Williams;Oscar Saul,Vivien Leigh;Marlon Brando;Kim Hunter, 8.1 ,"73,567"
